remoteip,token,url
172.31.40.179,-,3dpassport
172.31.40.179,-,3dpassport
172.31.40.179,-,3dpassport
172.31.40.179,-,3dpassport
172.31.40.179,-,3dpassport
172.31.40.179,-,3dpassport
172.31.40.179,-,3dpassport
172.31.40.179,-,3dpassport
172.31.40.179,-,3dpassport
172.31.40.179,-,3dpassport
172.31.40.179,-,3dpassport
172.31.40.179,-,3dpassport
172.31.40.179,-,3dpassport
172.31.40.179,-,3dpassport
172.31.40.179,-,3dpassport
172.31.40.179,-,3dpassport
172.31.40.179,-,3dpassport
172.31.40.179,-,3dpassport
172.31.40.179,-,3dpassport
172.31.40.179,-,3dpassport
172.31.40.179,-,3dpassport
172.31.40.179,-,3dpassport
172.31.40.179,-,3dpassport
172.31.40.179,-,3dpassport
172.31.40.179,-,3dpassport
172.31.40.179,-,3dpassport
172.31.40.179,-,3dpassport
172.31.40.179,-,3dpassport
172.31.40.179,-,3dpassport
172.31.40.179,-,3dpassport
172.31.40.179,-,3dpassport
172.31.40.179,-,3dpassport
172.31.40.179,-,3dpassport
172.31.40.179,-,3dpassport
172.31.40.179,-,3dpassport
172.31.40.179,-,3dpassport
172.31.40.179,-,3dpassport
172.31.40.179,-,3dpassport
172.31.40.179,-,3dpassport
172.31.40.179,-,3dpassport
172.31.40.179,-,3dpassport
172.31.40.179,-,3dpassport
172.31.40.179,-,3dpassport
172.31.40.179,-,3dpassport
172.31.40.179,-,3dpassport
172.31.40.179,-,3dpassport
172.31.40.179,-,3dpassport
172.31.40.179,-,3dpassport
172.31.40.179,-,3dpassport
172.31.40.179,-,3dpassport
172.31.40.179,-,3dpassport
172.31.40.179,-,3dpassport
172.31.40.179,-,3dpassport
172.31.40.179,-,3dpassport
172.31.40.179,-,3dpassport
172.31.40.179,-,3dpassport
172.31.40.179,-,3dpassport
172.31.40.179,-,3dpassport
172.31.40.179,-,3dpassport
172.31.40.179,-,3dpassport
172.31.40.179,-,3dpassport
172.31.40.179,-,3dpassport
172.31.40.179,-,3dpassport
172.31.40.179,-,3dpassport
172.31.40.179,-,3dpassport
172.31.40.179,-,3dpassport
172.31.40.179,-,3dpassport
172.31.40.179,-,3dpassport
172.31.40.179,-,3dpassport
172.31.40.179,-,3dpassport
172.31.40.179,-,3dpassport
172.31.40.179,-,3dpassport
172.31.40.179,-,3dpassport
172.31.40.179,-,3dpassport
172.31.40.179,-,3dpassport
172.31.40.179,-,3dpassport
172.31.40.179,-,3dpassport
172.31.40.179,-,3dpassport
172.31.40.179,-,3dpassport
172.31.40.179,-,3dpassport
172.31.40.179,-,3dpassport
172.31.40.179,-,3dpassport
172.31.40.179,-,3dpassport
172.31.40.179,-,3dpassport
172.31.40.179,-,3dpassport
172.31.40.179,-,3dpassport
172.31.40.179,-,3dpassport
172.31.40.179,-,3dpassport
172.31.40.179,-,3dpassport
172.31.40.179,-,3dpassport
172.31.40.179,-,3dpassport
172.31.40.179,-,3dpassport
172.31.40.179,-,3dpassport
172.31.40.179,-,3dpassport
172.31.40.179,-,3dpassport
172.31.40.179,-,3dpassport
172.31.40.179,-,3dpassport
172.31.40.179,-,3dpassport
172.31.40.179,-,3dpassport
172.31.40.179,-,3dpassport
172.31.40.179,-,3dpassport
172.31.40.179,-,3dpassport
172.31.40.179,-,3dpassport
172.31.40.179,-,3dpassport
172.31.40.179,-,3dpassport
172.31.40.179,-,3dpassport
172.31.40.179,-,3dpassport
172.31.40.179,-,3dpassport
172.31.40.179,-,3dpassport
172.31.40.179,-,3dpassport
172.31.40.179,-,3dpassport
172.31.40.179,-,3dpassport
172.31.40.179,-,3dpassport
172.31.40.179,-,3dpassport
172.31.40.179,-,3dpassport
172.31.40.179,-,3dpassport
172.31.40.179,-,3dpassport
172.31.40.179,-,3dpassport
172.31.40.179,-,3dpassport
172.31.40.179,-,3dpassport
172.31.40.179,-,3dpassport
172.31.40.179,-,3dpassport
172.31.40.179,-,3dpassport
172.31.40.179,-,3dpassport
172.31.40.179,-,3dpassport
172.31.40.179,-,3dpassport
172.31.40.179,-,3dpassport
172.31.40.179,-,3dpassport
172.31.40.179,-,3dpassport
172.31.40.179,-,3dpassport
172.31.40.179,-,3dpassport
172.31.40.179,-,3dpassport
172.31.40.179,-,3dpassport
172.31.40.179,-,3dpassport
172.31.40.179,-,3dpassport
172.31.40.179,-,3dpassport
172.31.40.179,-,3dpassport
172.31.40.179,-,3dpassport
172.31.40.179,-,3dpassport
172.31.40.179,-,3dpassport
172.31.40.179,-,3dpassport
172.31.40.179,-,3dpassport
172.31.40.179,-,3dpassport
172.31.40.179,-,3dpassport
172.31.40.179,-,3dpassport
172.31.40.179,-,3dpassport
172.31.40.179,-,3dpassport
172.31.40.179,-,3dpassport
172.31.40.179,-,3dpassport
172.31.40.179,-,3dpassport
172.31.40.179,-,3dpassport
172.31.40.179,-,3dpassport
172.31.40.179,-,3dpassport
172.31.40.179,-,3dpassport
172.31.40.179,-,3dpassport
172.31.40.179,-,3dpassport
172.31.40.179,-,3dpassport
172.31.40.179,-,3dpassport
172.31.40.179,-,3dpassport
172.31.40.179,-,3dpassport
172.31.40.179,-,3dpassport
172.31.40.179,-,3dpassport
172.31.40.179,-,3dpassport
172.31.40.179,-,3dpassport
172.31.40.179,-,3dpassport
172.31.40.179,-,3dpassport
172.31.40.179,-,3dpassport
172.31.40.179,-,3dpassport
172.31.40.179,-,3dpassport
172.31.40.179,-,3dpassport
172.31.40.179,-,3dpassport
172.31.40.179,-,3dpassport
172.31.40.179,-,3dpassport
172.31.40.179,-,3dpassport
172.31.40.179,-,3dpassport
172.31.40.179,-,3dpassport
172.31.40.179,-,3dpassport
172.31.40.179,-,3dpassport
172.31.40.179,-,3dpassport
172.31.40.179,-,3dpassport
172.31.40.179,-,3dpassport
172.31.40.179,-,3dpassport
172.31.40.179,-,3dpassport
172.31.40.179,-,3dpassport
172.31.40.179,-,3dpassport
172.31.40.179,-,3dpassport
172.31.40.179,-,3dpassport
172.31.40.179,-,3dpassport
172.31.40.179,-,3dpassport
172.31.40.179,-,3dpassport
172.31.40.179,-,3dpassport
172.31.40.179,-,3dpassport
172.31.40.179,-,3dpassport
172.31.40.179,-,3dpassport
172.31.40.179,-,3dpassport
172.31.40.179,-,3dpassport
172.31.40.179,-,3dpassport
172.31.40.179,-,3dpassport
172.31.40.179,-,3dpassport
172.31.40.179,-,3dpassport
172.31.40.179,-,3dpassport
172.31.40.179,-,3dpassport
172.31.40.179,-,3dpassport
172.31.40.179,-,3dpassport
172.31.40.179,-,3dpassport
172.31.40.179,-,3dpassport
172.31.40.179,-,3dpassport
172.31.40.179,-,3dpassport
172.31.40.179,-,3dpassport
172.31.40.179,-,3dpassport
172.31.40.179,-,3dpassport
172.31.40.179,-,3dpassport
172.31.40.179,-,3dpassport
172.31.40.179,-,3dpassport
172.31.40.179,-,3dpassport
172.31.40.179,-,3dpassport
172.31.40.179,-,3dpassport
172.31.40.179,-,3dpassport
172.31.40.179,-,3dpassport
172.31.40.179,-,3dpassport
49.37.163.136,5AF0B0E414466D8D61B3DD4878D317D6,3dpassport
49.37.163.136,5AF0B0E414466D8D61B3DD4878D317D6,3dpassport
49.37.163.136,5AF0B0E414466D8D61B3DD4878D317D6,3dpassport
49.37.163.136,5AF0B0E414466D8D61B3DD4878D317D6,3dpassport
49.37.163.136,5AF0B0E414466D8D61B3DD4878D317D6,3dpassport
49.37.163.136,5AF0B0E414466D8D61B3DD4878D317D6,3dpassport
49.37.163.136,5AF0B0E414466D8D61B3DD4878D317D6,3dpassport
49.37.163.136,5AF0B0E414466D8D61B3DD4878D317D6,3dpassport
49.37.163.136,5AF0B0E414466D8D61B3DD4878D317D6,3dpassport
49.37.163.136,5AF0B0E414466D8D61B3DD4878D317D6,3dpassport
49.37.163.136,5AF0B0E414466D8D61B3DD4878D317D6,3dpassport
49.37.163.136,5AF0B0E414466D8D61B3DD4878D317D6,3dpassport
172.31.40.179,-,3dpassport
172.31.40.179,-,3dpassport
172.31.40.179,-,3dpassport
172.31.40.179,-,3dpassport
172.31.40.179,-,3dpassport
